{
  "ents_f": 66.5673010777,
  "ents_p": 69.5829338447,
  "ents_per_type": {
    "CARDINAL": {
      "f": 54.7480106101,
      "p": 57.7827547592,
      "r": 52.0161290323
    },
    "DATE": {
      "f": 67.3031026253,
      "p": 64.9171270718,
      "r": 69.8711595639
    },
    "EVENT": {
      "f": 43.4782608696,
      "p": 53.1914893617,
      "r": 36.7647058824
    },
    "FAC": {
      "f": 30.5555555556,
      "p": 43.137254902,
      "r": 23.6559139785
    },
    "GPE": {
      "f": 77.358490566,
      "p": 74.7493163172,
      "r": 80.156402737
    },
    "LANGUAGE": {
      "f": 55.5555555556,
      "p": 55.5555555556,
      "r": 55.5555555556
    },
    "LAW": {
      "f": 18.4210526316,
      "p": 43.75,
      "r": 11.6666666667
    },
    "LOC": {
      "f": 39.6551724138,
      "p": 55.2884615385,
      "r": 30.9139784946
    },
    "MONEY": {
      "f": 84.0,
      "p": 91.3043478261,
      "r": 77.7777777778
    },
    "NORP": {
      "f": 55.1020408163,
      "p": 70.1298701299,
      "r": 45.3781512605
    },
    "ORDINAL": {
      "f": 81.1827956989,
      "p": 82.967032967,
      "r": 79.4736842105
    },
    "ORG": {
      "f": 60.9727164887,
      "p": 63.4567901235,
      "r": 58.6757990868
    },
    "PERCENT": {
      "f": 83.6363636364,
      "p": 84.1463414634,
      "r": 83.1325301205
    },
    "PERSON": {
      "f": 77.3629330642,
      "p": 80.9289232935,
      "r": 74.0979381443
    },
    "PRODUCT": {
      "f": 0.0,
      "p": 0.0,
      "r": 0.0
    },
    "QUANTITY": {
      "f": 69.8795180723,
      "p": 76.3157894737,
      "r": 64.4444444444
    },
    "TIME": {
      "f": 67.6258992806,
      "p": 66.8246445498,
      "r": 68.4466019417
    },
    "WORK_OF_ART": {
      "f": 28.5714285714,
      "p": 38.6363636364,
      "r": 22.6666666667
    }
  },
  "ents_r": 63.8021978022,
  "las": 63.2085122678,
  "las_per_type": {
    "acl": {
      "f": 56.05875153,
      "p": 62.5255972696,
      "r": 50.8042151969
    },
    "advcl:loc": {
      "f": 40.4580152672,
      "p": 43.4426229508,
      "r": 37.8571428571
    },
    "advmod": {
      "f": 75.3848940409,
      "p": 80.6484950265,
      "r": 70.7662661528
    },
    "advmod:dvp": {
      "f": 67.1232876712,
      "p": 74.8091603053,
      "r": 60.8695652174
    },
    "advmod:loc": {
      "f": 53.3807829181,
      "p": 66.6666666667,
      "r": 44.5103857567
    },
    "advmod:rcomp": {
      "f": 79.3462109955,
      "p": 85.5769230769,
      "r": 73.9612188366
    },
    "amod": {
      "f": 68.0095299978,
      "p": 75.8087880251,
      "r": 61.6653574234
    },
    "amod:ordmod": {
      "f": 50.0,
      "p": 51.6666666667,
      "r": 48.4375
    },
    "appos": {
      "f": 81.015719468,
      "p": 85.4591836735,
      "r": 77.0114942529
    },
    "aux:asp": {
      "f": 88.7530562347,
      "p": 90.75,
      "r": 86.8421052632
    },
    "aux:ba": {
      "f": 78.5515320334,
      "p": 82.4561403509,
      "r": 75.0
    },
    "aux:modal": {
      "f": 83.5095137421,
      "p": 85.4054054054,
      "r": 81.695966908
    },
    "aux:prtmod": {
      "f": 83.241252302,
      "p": 85.9315589354,
      "r": 80.7142857143
    },
    "auxpass": {
      "f": 87.6712328767,
      "p": 88.8888888889,
      "r": 86.4864864865
    },
    "case": {
      "f": 77.8175875291,
      "p": 80.7988513249,
      "r": 75.0484966052
    },
    "cc": {
      "f": 67.1875,
      "p": 69.6854146806,
      "r": 64.8624667258
    },
    "ccomp": {
      "f": 61.3492063492,
      "p": 62.641815235,
      "r": 60.1088646967
    },
    "compound:nn": {
      "f": 70.1469583049,
      "p": 70.8491542975,
      "r": 69.4585448393
    },
    "compound:vc": {
      "f": 33.7278106509,
      "p": 39.3103448276,
      "r": 29.5336787565
    },
    "conj": {
      "f": 47.8895156584,
      "p": 49.3189102564,
      "r": 46.5406427221
    },
    "cop": {
      "f": 64.1993404177,
      "p": 74.5531914894,
      "r": 56.3706563707
    },
    "dep": {
      "f": 37.6041540877,
      "p": 46.7216804201,
      "r": 31.4640800242
    },
    "det": {
      "f": 70.189701897,
      "p": 83.2128514056,
      "r": 60.6912712361
    },
    "discourse": {
      "f": 51.0638297872,
      "p": 52.7240773286,
      "r": 49.504950495
    },
    "dobj": {
      "f": 74.0624755343,
      "p": 78.5453337762,
      "r": 70.0636942675
    },
    "erased": {
      "f": 0.0,
      "p": 0.0,
      "r": 0.0
    },
    "etc": {
      "f": 90.3614457831,
      "p": 91.4634146341,
      "r": 89.2857142857
    },
    "mark": {
      "f": 68.6998394864,
      "p": 72.0538720539,
      "r": 65.6441717791
    },
    "mark:clf": {
      "f": 71.1928335691,
      "p": 96.732863549,
      "r": 56.3222678105
    },
    "name": {
      "f": 44.0366972477,
      "p": 57.8313253012,
      "r": 35.5555555556
    },
    "neg": {
      "f": 74.7814391392,
      "p": 86.0681114551,
      "r": 66.1117717004
    },
    "nmod": {
      "f": 62.7539503386,
      "p": 70.4391891892,
      "r": 56.5807327001
    },
    "nmod:assmod": {
      "f": 71.7083266996,
      "p": 73.4028683181,
      "r": 70.0902583256
    },
    "nmod:poss": {
      "f": 53.8116591928,
      "p": 68.1818181818,
      "r": 44.4444444444
    },
    "nmod:prep": {
      "f": 63.7848539845,
      "p": 70.1633393829,
      "r": 58.4694494858
    },
    "nmod:range": {
      "f": 67.3952641166,
      "p": 73.7051792829,
      "r": 62.0805369128
    },
    "nmod:tmod": {
      "f": 71.283095723,
      "p": 71.1382113821,
      "r": 71.4285714286
    },
    "nmod:topic": {
      "f": 26.9841269841,
      "p": 34.693877551,
      "r": 22.0779220779
    },
    "nsubj": {
      "f": 73.4451744594,
      "p": 76.3933121019,
      "r": 70.7161282398
    },
    "nsubj:xsubj": {
      "f": 0.0,
      "p": 0.0,
      "r": 0.0
    },
    "nsubjpass": {
      "f": 76.404494382,
      "p": 87.1794871795,
      "r": 68.0
    },
    "nummod": {
      "f": 64.3203883495,
      "p": 81.8743563337,
      "r": 52.9646902065
    },
    "parataxis:prnmod": {
      "f": 17.2839506173,
      "p": 48.275862069,
      "r": 10.5263157895
    },
    "root": {
      "f": 67.7568549719,
      "p": 67.2348795279,
      "r": 68.2869985017
    },
    "xcomp": {
      "f": 73.8301559792,
      "p": 78.8888888889,
      "r": 69.3811074919
    }
  },
  "tags_acc": 89.6306398238,
  "token_acc": 94.5832585469,
  "uas": 68.551109166
}